{
  "LEVEL_POSITIONS": [
    [
      96.20001220703125,
      856.1999969482422,
      1,
      "animalRescue"
    ],
    [
      261,
      745,
      2,
      "animalRescue"
    ],
    [
      401.08123779296875,
      649.0812377929688,
      101,
      "memoryGame"
    ],
    [
      170,
      671,
      3,
      "animalRescue"
    ],
    [
      188.5,
      583.5,
      4,
      "animalRescue"
    ],
    [
      122.19061279296875,
      556.1906127929688,
      102,
      "memoryGame"
    ],
    [
      227.0059814453125,
      479.0059814453125,
      5,
      "animalRescue"
    ],
    [
      299.75,
      421.75,
      6,
      "animalRescue"
    ],
    [
      25,
      411.92498779296875,
      103,
      "memoryGame"
    ],
    [
      337.25,
      369.25,
      7,
      "animalRescue"
    ],
    [
      377.75,
      337.75,
      8,
      "animalRescue"
    ],
    [
      439.25,
      346.25,
      9,
      "animalRescue"
    ],
    [
      487.19061279296875,
      258.19061279296875,
      104,
      "memoryGame"
    ],
    [
      528.75,
      363.75,
      10,
      "animalRescue"
    ],
    [
      663.25,
      332.25,
      11,
      "animalRescue"
    ],
    [
      850.034423828125,
      257.03436279296875,
      105,
      "memoryGame"
    ],
    [
      914.5,
      352.5,
      12,
      "animalRescue"
    ],
    [
      919.549072265625,
      431.549072265625,
      13,
      "animalRescue"
    ],
    [
      896.015625,
      523.015625,
      14,
      "animalRescue"
    ],
    [
      878.796875,
      596.796875,
      15,
      "animalRescue"
    ],
    [
      909,
      685,
      16,
      "animalRescue"
    ],
    [
      997,
      794,
      17,
      "animalRescue"
    ],
    [
      862,
      893,
      18,
      "animalRescue"
    ],
    [
      674.25,
      774.25,
      19,
      "animalRescue"
    ],
    [
      828.25,
      700.25,
      20,
      "animalRescue"
    ],
    [
      764.643798828125,
      607.6437377929688,
      106,
      "memoryGame"
    ]
  ],
  "PATH_CONNECTIONS": [
    [
      1,
      2,
      1
    ],
    [
      2,
      3,
      2
    ],
    [
      3,
      4,
      3
    ],
    [
      4,
      5,
      4
    ],
    [
      5,
      6,
      5
    ],
    [
      6,
      7,
      6
    ],
    [
      2,
      101,
      2
    ],
    [
      4,
      102,
      4
    ],
    [
      6,
      103,
      6
    ],
    [
      7,
      8,
      7
    ],
    [
      8,
      9,
      8
    ],
    [
      9,
      104,
      9
    ],
    [
      9,
      10,
      9
    ],
    [
      10,
      11,
      10
    ],
    [
      11,
      105,
      11
    ],
    [
      11,
      12,
      11
    ],
    [
      12,
      13,
      12
    ],
    [
      13,
      14,
      13
    ],
    [
      14,
      15,
      14
    ],
    [
      15,
      16,
      15
    ],
    [
      16,
      17,
      16
    ],
    [
      17,
      18,
      17
    ],
    [
      18,
      19,
      18
    ],
    [
      19,
      20,
      19
    ],
    [
      20,
      106,
      20
    ]
  ]
}