{
  "LEVEL_POSITIONS": [
    [
      85.74530029296875,
      825.7453002929688,
      1,
      "animalRescue"
    ],
    [
      266,
      712,
      2,
      "animalRescue"
    ],
    [
      412.62811279296875,
      747.6281127929688,
      101,
      "memoryGame"
    ],
    [
      197.5,
      586.5,
      3,
      "animalRescue"
    ],
    [
      247.5,
      500.5,
      4,
      "animalRescue"
    ],
    [
      122.19061279296875,
      556.1906127929688,
      102,
      "memoryGame"
    ],
    [
      307.03125,
      414.03125,
      5,
      "animalRescue"
    ],
    [
      351.5,
      333.5,
      6,
      "animalRescue"
    ],
    [
      119.54998779296875,
      395.47186279296875,
      103,
      "memoryGame"
    ],
    [
      380.25,
      254.25,
      7,
      "animalRescue"
    ],
    [
      464.25,
      143.25,
      8,
      "animalRescue"
    ],
    [
      498,
      290,
      9,
      "animalRescue"
    ],
    [
      581.7374877929688,
      206.73748779296875,
      104,
      "memoryGame"
    ],
    [
      560.75,
      388.75,
      10,
      "animalRescue"
    ],
    [
      663.25,
      332.25,
      11,
      "animalRescue"
    ],
    [
      844.581298828125,
      268.58123779296875,
      105,
      "memoryGame"
    ],
    [
      739.25,
      466.25,
      12,
      "animalRescue"
    ],
    [
      677.546875,
      555.546875,
      13,
      "animalRescue"
    ],
    [
      896.015625,
      523.015625,
      14,
      "animalRescue"
    ],
    [
      854.796875,
      624.796875,
      15,
      "animalRescue"
    ],
    [
      970.75,
      640.75,
      16,
      "animalRescue"
    ],
    [
      997,
      794,
      17,
      "animalRescue"
    ],
    [
      862,
      893,
      18,
      "animalRescue"
    ],
    [
      674.25,
      774.25,
      19,
      "animalRescue"
    ],
    [
      829.75,
      685.75,
      20,
      "animalRescue"
    ],
    [
      732.190673828125,
      606.1906127929688,
      106,
      "memoryGame"
    ],
    [
      818.75,
      501.75,
      21,
      "animalRescue"
    ],
    [
      907.25,
      410.25,
      22,
      "animalRescue"
    ],
    [
      1003,
      358.25,
      23,
      "animalRescue"
    ]
  ],
  "PATH_CONNECTIONS": [
    [
      1,
      2,
      1
    ],
    [
      2,
      3,
      2
    ],
    [
      3,
      4,
      3
    ],
    [
      4,
      5,
      4
    ],
    [
      5,
      6,
      5
    ],
    [
      6,
      7,
      6
    ],
    [
      2,
      101,
      2
    ],
    [
      4,
      102,
      4
    ],
    [
      6,
      103,
      6
    ],
    [
      7,
      8,
      7
    ],
    [
      8,
      9,
      8
    ],
    [
      9,
      104,
      9
    ],
    [
      9,
      10,
      9
    ],
    [
      10,
      11,
      10
    ],
    [
      11,
      105,
      11
    ],
    [
      11,
      12,
      11
    ],
    [
      12,
      13,
      12
    ],
    [
      13,
      14,
      13
    ],
    [
      14,
      15,
      14
    ],
    [
      15,
      16,
      15
    ],
    [
      16,
      17,
      16
    ],
    [
      17,
      18,
      17
    ],
    [
      18,
      19,
      18
    ],
    [
      19,
      20,
      19
    ],
    [
      20,
      106,
      20
    ],
    [
      20,
      21,
      20
    ],
    [
      21,
      22,
      21
    ],
    [
      22,
      23,
      22
    ]
  ]
}